"sk_payment_fact","sk_loan_fact","sk_customer","sk_payment_status","sk_date_paid","sk_date_due","principal","interest","total_paid","days_late"
1,1,3,1,,109,8000000.00,187500.63,8187500.63,
2,2,6,4,,152,2000000.00,39773.49,2039773.49,
3,3,9,3,,182,7000000.00,113159.51,7113159.51,
4,4,12,2,214,214,10000000.00,251250.19,10251250.19,0
5,5,15,1,,241,14000000.00,50409.20,14050409.20,
6,6,18,4,,260,3000000.00,250917.80,3250917.80,
7,7,21,3,,267,6000000.00,144750.37,6144750.37,
8,8,24,2,274,274,1000000.00,55555.67,1055555.67,0
9,9,27,1,,282,2000000.00,162243.75,2162243.75,
10,10,30,4,,289,14000000.00,37014.70,14037014.70,
11,11,33,3,,296,6000000.00,67476.63,6067476.63,
12,12,36,2,81,81,5000000.00,127440.59,5127440.59,0
13,13,39,1,,120,14000000.00,72630.85,14072630.85,
14,14,42,4,,161,6000000.00,83511.33,6083511.33,
15,15,45,3,,188,17000000.00,215548.08,17215548.08,
16,16,48,2,220,220,17000000.00,285240.23,17285240.23,0
17,17,51,1,,250,19000000.00,270197.64,19270197.64,
18,18,54,4,,263,19000000.00,295400.22,19295400.22,
19,19,57,3,,270,15000000.00,51432.16,15051432.16,
20,20,60,2,277,277,20000000.00,162190.10,20162190.10,0
21,21,63,1,,285,19000000.00,68598.34,19068598.34,
22,22,66,4,,292,15000000.00,130341.46,15130341.46,
23,23,69,3,,299,20000000.00,251823.56,20251823.56,
24,24,72,2,90,90,15000000.00,87356.74,15087356.74,0
25,25,75,1,,133,9000000.00,183852.99,9183852.99,
26,26,78,4,,168,1000000.00,62899.55,1062899.55,
27,27,81,3,,195,10000000.00,115780.21,10115780.21,
28,28,84,2,227,227,18000000.00,142136.17,18142136.17,0
29,29,87,1,,238,3000000.00,263043.80,3263043.80,
30,30,90,4,,259,4000000.00,239997.53,4239997.53,
31,31,93,3,,266,5000000.00,270745.13,5270745.13,
32,32,96,2,273,273,8000000.00,222416.06,8222416.06,0
33,33,99,1,,281,18000000.00,285120.97,18285120.97,
34,34,2,4,,288,4000000.00,170219.13,4170219.13,
35,35,5,3,,295,13000000.00,273253.23,13273253.23,
36,36,8,2,78,78,19000000.00,215172.45,19215172.45,0
37,37,11,1,,116,5000000.00,20585.35,5020585.35,
38,38,14,4,,158,6000000.00,164012.48,6164012.48,
39,39,17,3,,186,8000000.00,240688.15,8240688.15,
40,40,20,2,218,218,8000000.00,272860.37,8272860.37,0
41,41,23,1,,247,17000000.00,258199.43,17258199.43,
42,42,26,4,,262,18000000.00,265904.20,18265904.20,
43,43,29,3,,269,8000000.00,164005.85,8164005.85,
44,44,32,2,276,276,3000000.00,105038.03,3105038.03,0
45,45,35,1,,284,18000000.00,32593.28,18032593.28,
46,46,38,4,,291,9000000.00,102962.38,9102962.38,
47,47,41,3,,298,5000000.00,249292.48,5249292.48,
48,48,44,2,87,87,2000000.00,131177.61,2131177.61,0
49,49,47,1,,128,7000000.00,46215.17,7046215.17,
50,50,50,4,,167,8000000.00,211138.78,8211138.78,
51,51,53,3,,192,3000000.00,157796.74,3157796.74,
52,52,56,2,224,224,20000000.00,135492.56,20135492.56,0
53,53,59,1,,254,14000000.00,217671.35,14217671.35,
54,54,62,4,,265,18000000.00,28646.28,18028646.28,
55,55,65,3,,272,11000000.00,140965.27,11140965.27,
56,56,68,2,279,279,9000000.00,297861.81,9297861.81,0
57,57,71,1,,280,11000000.00,13838.23,11013838.23,
58,58,74,4,,287,1000000.00,235114.03,1235114.03,
59,59,77,3,,294,1000000.00,259551.31,1259551.31,
60,60,80,2,75,75,1000000.00,29671.97,1029671.97,0
61,61,83,1,,112,6000000.00,228479.76,6228479.76,
62,62,86,4,,155,19000000.00,28913.64,19028913.64,
63,63,89,3,,184,7000000.00,146830.06,7146830.06,
64,64,92,2,216,216,4000000.00,134498.82,4134498.82,0
65,65,95,1,,244,18000000.00,196026.58,18196026.58,
66,66,98,4,,261,2000000.00,237302.41,2237302.41,
67,67,1,3,,268,20000000.00,12623.17,20012623.17,
68,68,4,2,275,275,5000000.00,296578.86,5296578.86,0
69,69,7,1,,283,11000000.00,116818.29,11116818.29,
70,70,10,4,,290,4000000.00,239433.42,4239433.42,
71,71,13,3,,297,17000000.00,195454.08,17195454.08,
72,72,16,2,84,84,10000000.00,81937.20,10081937.20,0
73,73,19,1,,124,3000000.00,166003.69,3166003.69,
74,74,22,4,,164,5000000.00,182102.75,5182102.75,
75,75,25,3,,190,19000000.00,164303.94,19164303.94,
76,76,28,2,222,222,10000000.00,149886.06,10149886.06,0
77,77,31,1,,253,3000000.00,49420.29,3049420.29,
78,78,34,4,,264,10000000.00,152917.55,10152917.55,
79,79,37,3,,271,2000000.00,97663.52,2097663.52,
80,80,40,2,278,278,16000000.00,16913.03,16016913.03,0
81,81,43,1,,286,14000000.00,142857.27,14142857.27,
82,82,46,4,,293,2000000.00,181767.44,2181767.44,
83,83,49,3,,300,1000000.00,200300.95,1200300.95,
84,84,52,2,92,92,8000000.00,116479.24,8116479.24,0
85,85,55,1,,109,11000000.00,31163.12,11031163.12,
86,86,58,4,,152,17000000.00,86148.40,17086148.40,
87,87,61,3,,182,5000000.00,124529.09,5124529.09,
88,88,64,2,214,214,19000000.00,41267.99,19041267.99,0
89,89,67,1,,241,14000000.00,49035.55,14049035.55,
90,90,70,4,,260,9000000.00,155946.36,9155946.36,
91,91,73,3,,267,11000000.00,114022.06,11114022.06,
92,92,76,2,274,274,2000000.00,113032.14,2113032.14,0
93,93,79,1,,282,6000000.00,236616.27,6236616.27,
94,94,82,4,,289,13000000.00,220231.91,13220231.91,
95,95,85,3,,296,18000000.00,215714.99,18215714.99,
96,96,88,2,81,81,16000000.00,20645.83,16020645.83,0
97,97,91,1,,120,7000000.00,75915.01,7075915.01,
98,98,94,4,,161,20000000.00,257527.56,20257527.56,
99,99,97,3,,188,18000000.00,140706.98,18140706.98,
100,100,100,2,220,220,12000000.00,237024.35,12237024.35,0
101,101,3,1,,250,1000000.00,232848.11,1232848.11,
102,102,6,4,,263,17000000.00,59506.10,17059506.10,
103,103,9,3,,270,3000000.00,22909.97,3022909.97,
104,104,12,2,277,277,2000000.00,278800.89,2278800.89,0
105,105,15,1,,285,13000000.00,79580.46,13079580.46,
106,106,18,4,,292,17000000.00,41658.01,17041658.01,
107,107,21,3,,299,18000000.00,274994.30,18274994.30,
108,108,24,2,90,90,1000000.00,82174.31,1082174.31,0
109,109,27,1,,133,9000000.00,288834.85,9288834.85,
110,110,30,4,,168,6000000.00,166505.91,6166505.91,
111,111,33,3,,195,16000000.00,152041.93,16152041.93,
112,112,36,2,227,227,8000000.00,157120.69,8157120.69,0
113,113,39,1,,238,13000000.00,216863.51,13216863.51,
114,114,42,4,,259,7000000.00,160854.78,7160854.78,
115,115,45,3,,266,3000000.00,122914.07,3122914.07,
116,116,48,2,273,273,8000000.00,50683.98,8050683.98,0
117,117,51,1,,281,3000000.00,46742.78,3046742.78,
118,118,54,4,,288,13000000.00,187627.03,13187627.03,
119,119,57,3,,295,10000000.00,219166.94,10219166.94,
120,120,60,2,78,78,17000000.00,173569.03,17173569.03,0
121,121,63,1,,116,10000000.00,125254.16,10125254.16,
122,122,66,4,,158,6000000.00,11109.27,6011109.27,
123,123,69,3,,186,14000000.00,228161.44,14228161.44,
124,124,72,2,218,218,5000000.00,113635.67,5113635.67,0
125,125,75,1,,247,17000000.00,132112.27,17132112.27,
126,126,78,4,,262,4000000.00,96327.59,4096327.59,
127,127,81,3,,269,9000000.00,29239.64,9029239.64,
128,128,84,2,276,276,2000000.00,247500.89,2247500.89,0
129,129,87,1,,284,10000000.00,283908.59,10283908.59,
130,130,90,4,,291,13000000.00,51218.24,13051218.24,
131,131,93,3,,298,12000000.00,228509.11,12228509.11,
132,132,96,2,87,87,2000000.00,60043.78,2060043.78,0
133,133,99,1,,128,8000000.00,217731.62,8217731.62,
134,134,2,4,,167,12000000.00,105279.56,12105279.56,
135,135,5,3,,192,6000000.00,91680.76,6091680.76,
136,136,8,2,224,224,1000000.00,202255.99,1202255.99,0
137,137,11,1,,254,16000000.00,116294.98,16116294.98,
138,138,14,4,,265,14000000.00,238667.66,14238667.66,
139,139,17,3,,272,10000000.00,156329.14,10156329.14,
140,140,20,2,279,279,17000000.00,154038.82,17154038.82,0
141,141,23,1,,280,1000000.00,232750.88,1232750.88,
142,142,26,4,,287,4000000.00,113669.68,4113669.68,
143,143,29,3,,294,18000000.00,210734.82,18210734.82,
144,144,32,2,75,75,17000000.00,57644.12,17057644.12,0
145,145,35,1,,112,9000000.00,102807.61,9102807.61,
146,146,38,4,,155,5000000.00,142376.40,5142376.40,
147,147,41,3,,184,2000000.00,203734.95,2203734.95,
148,148,44,2,216,216,11000000.00,16074.59,11016074.59,0
149,149,47,1,,244,2000000.00,297972.18,2297972.18,
150,150,50,4,,261,10000000.00,75451.05,10075451.05,
151,151,53,3,,268,7000000.00,66636.47,7066636.47,
152,152,56,2,275,275,12000000.00,62327.03,12062327.03,0
153,153,59,1,,283,17000000.00,81026.54,17081026.54,
154,154,62,4,,290,11000000.00,265626.67,11265626.67,
155,155,65,3,,297,4000000.00,121442.40,4121442.40,
156,156,68,2,84,84,8000000.00,242977.97,8242977.97,0
157,157,71,1,,124,4000000.00,31567.00,4031567.00,
158,158,74,4,,164,20000000.00,139149.45,20139149.45,
159,159,77,3,,190,15000000.00,217769.26,15217769.26,
160,160,80,2,222,222,4000000.00,165591.49,4165591.49,0
161,161,83,1,,253,20000000.00,292799.13,20292799.13,
162,162,86,4,,264,8000000.00,180028.72,8180028.72,
163,163,89,3,,271,7000000.00,150311.41,7150311.41,
164,164,92,2,278,278,5000000.00,124473.38,5124473.38,0
165,165,95,1,,286,11000000.00,299835.86,11299835.86,
166,166,98,4,,293,2000000.00,265302.92,2265302.92,
167,167,1,3,,300,2000000.00,218391.44,2218391.44,
168,168,4,2,92,92,3000000.00,275848.47,3275848.47,0
169,169,7,1,,109,20000000.00,229599.31,20229599.31,
170,170,10,4,,152,16000000.00,228727.51,16228727.51,
171,171,13,3,,182,11000000.00,297469.48,11297469.48,
172,172,16,2,214,214,4000000.00,141205.37,4141205.37,0
173,173,19,1,,241,17000000.00,258221.65,17258221.65,
174,174,22,4,,260,18000000.00,217484.39,18217484.39,
175,175,25,3,,267,17000000.00,268088.05,17268088.05,
176,176,28,2,274,274,1000000.00,273895.72,1273895.72,0
177,177,31,1,,282,7000000.00,247002.91,7247002.91,
178,178,34,4,,289,1000000.00,177896.63,1177896.63,
179,179,37,3,,296,11000000.00,234696.74,11234696.74,
180,180,40,2,81,81,4000000.00,167173.43,4167173.43,0
181,181,43,1,,120,20000000.00,159541.57,20159541.57,
182,182,46,4,,161,1000000.00,77093.82,1077093.82,
183,183,49,3,,188,13000000.00,103486.33,13103486.33,
184,184,52,2,220,220,16000000.00,82846.71,16082846.71,0
185,185,55,1,,250,10000000.00,247797.07,10247797.07,
186,186,58,4,,263,20000000.00,40311.78,20040311.78,
187,187,61,3,,270,14000000.00,275418.27,14275418.27,
188,188,64,2,277,277,20000000.00,205635.62,20205635.62,0
189,189,67,1,,285,13000000.00,113531.93,13113531.93,
190,190,70,4,,292,12000000.00,44508.26,12044508.26,
191,191,73,3,,299,2000000.00,27494.32,2027494.32,
192,192,76,2,90,90,20000000.00,25919.24,20025919.24,0
193,193,79,1,,133,4000000.00,261898.27,4261898.27,
194,194,82,4,,168,19000000.00,89616.67,19089616.67,
195,195,85,3,,195,18000000.00,91211.83,18091211.83,
196,196,88,2,227,227,8000000.00,122115.63,8122115.63,0
197,197,91,1,,238,16000000.00,106170.34,16106170.34,
198,198,94,4,,259,1000000.00,178034.34,1178034.34,
199,199,97,3,,266,14000000.00,62438.25,14062438.25,
200,200,100,2,273,273,6000000.00,282772.04,6282772.04,0
201,201,3,1,,281,20000000.00,182579.55,20182579.55,
202,202,6,4,,288,5000000.00,26682.96,5026682.96,
203,203,9,3,,295,15000000.00,86130.80,15086130.80,
204,204,12,2,78,78,11000000.00,128389.35,11128389.35,0
205,205,15,1,,116,3000000.00,80268.46,3080268.46,
206,206,18,4,,158,2000000.00,210148.04,2210148.04,
207,207,21,3,,186,10000000.00,43365.47,10043365.47,
208,208,24,2,218,218,18000000.00,125138.14,18125138.14,0
209,209,27,1,,247,2000000.00,249727.01,2249727.01,
210,210,30,4,,262,1000000.00,234515.44,1234515.44,
211,211,33,3,,269,11000000.00,75106.35,11075106.35,
212,212,36,2,276,276,13000000.00,131457.51,13131457.51,0
213,213,39,1,,284,2000000.00,158205.08,2158205.08,
214,214,42,4,,291,4000000.00,39371.23,4039371.23,
215,215,45,3,,298,5000000.00,130822.22,5130822.22,
216,216,48,2,87,87,1000000.00,281959.34,1281959.34,0
217,217,51,1,,128,7000000.00,263074.58,7263074.58,
218,218,54,4,,167,2000000.00,158475.69,2158475.69,
219,219,57,3,,192,7000000.00,111590.02,7111590.02,
220,220,60,2,224,224,13000000.00,265939.18,13265939.18,0
221,221,63,1,,254,3000000.00,246360.83,3246360.83,
222,222,66,4,,265,1000000.00,118953.82,1118953.82,
223,223,69,3,,272,15000000.00,26440.43,15026440.43,
224,224,72,2,279,279,7000000.00,34484.00,7034484.00,0
225,225,75,1,,280,6000000.00,231440.42,6231440.42,
226,226,78,4,,287,9000000.00,269760.62,9269760.62,
227,227,81,3,,294,12000000.00,20355.36,12020355.36,
228,228,84,2,75,75,14000000.00,155177.37,14155177.37,0
229,229,87,1,,112,6000000.00,133690.94,6133690.94,
230,230,90,4,,155,4000000.00,148188.91,4148188.91,
231,231,93,3,,184,16000000.00,130219.70,16130219.70,
232,232,96,2,216,216,18000000.00,195024.53,18195024.53,0
233,233,99,1,,244,5000000.00,188247.71,5188247.71,
234,234,2,4,,261,17000000.00,250260.50,17250260.50,
235,235,5,3,,268,10000000.00,226150.69,10226150.69,
236,236,8,2,275,275,2000000.00,39169.43,2039169.43,0
237,237,11,1,,283,10000000.00,269426.35,10269426.35,
238,238,14,4,,290,1000000.00,239174.35,1239174.35,
239,239,17,3,,297,15000000.00,235171.76,15235171.76,
240,240,20,2,84,84,11000000.00,93039.88,11093039.88,0
241,241,23,1,,124,16000000.00,259535.94,16259535.94,
242,242,26,4,,164,18000000.00,222314.14,18222314.14,
243,243,29,3,,190,17000000.00,45266.11,17045266.11,
244,244,32,2,222,222,2000000.00,67528.42,2067528.42,0
245,245,35,1,,253,12000000.00,186280.02,12186280.02,
246,246,38,4,,264,4000000.00,20753.10,4020753.10,
247,247,41,3,,271,12000000.00,138202.50,12138202.50,
248,248,44,2,278,278,1000000.00,183676.21,1183676.21,0
249,249,47,1,,286,2000000.00,154682.84,2154682.84,
250,250,50,4,,293,19000000.00,176348.87,19176348.87,
251,251,53,3,,300,3000000.00,241969.52,3241969.52,
252,252,56,2,92,92,10000000.00,174355.81,10174355.81,0
253,253,59,1,,109,1000000.00,215822.57,1215822.57,
254,254,62,4,,152,15000000.00,297608.76,15297608.76,
255,255,65,3,,182,19000000.00,243160.83,19243160.83,
256,256,68,2,214,214,13000000.00,228084.52,13228084.52,0
257,257,71,1,,241,19000000.00,189013.79,19189013.79,
258,258,74,4,,260,14000000.00,231155.41,14231155.41,
259,259,77,3,,267,19000000.00,243380.67,19243380.67,
260,260,80,2,274,274,10000000.00,249933.24,10249933.24,0
261,261,83,1,,282,20000000.00,229050.92,20229050.92,
262,262,86,4,,289,15000000.00,31448.13,15031448.13,
263,263,89,3,,296,17000000.00,92186.52,17092186.52,
264,264,92,2,81,81,18000000.00,236141.57,18236141.57,0
265,265,95,1,,120,19000000.00,118309.16,19118309.16,
266,266,98,4,,161,19000000.00,78219.24,19078219.24,
267,267,1,3,,188,11000000.00,171775.26,11171775.26,
268,268,4,2,220,220,10000000.00,11275.64,10011275.64,0
269,269,7,1,,250,17000000.00,266764.83,17266764.83,
270,270,10,4,,263,19000000.00,187541.17,19187541.17,
271,271,13,3,,270,7000000.00,286220.10,7286220.10,
272,272,16,2,277,277,7000000.00,36964.69,7036964.69,0
273,273,19,1,,285,8000000.00,91857.34,8091857.34,
274,274,22,4,,292,5000000.00,233999.29,5233999.29,
275,275,25,3,,299,14000000.00,124242.59,14124242.59,
276,276,28,2,90,90,18000000.00,288385.27,18288385.27,0
277,277,31,1,,133,2000000.00,125306.64,2125306.64,
278,278,34,4,,168,1000000.00,297056.68,1297056.68,
279,279,37,3,,195,16000000.00,50725.24,16050725.24,
280,280,40,2,227,227,4000000.00,139868.54,4139868.54,0
281,281,43,1,,238,14000000.00,291841.05,14291841.05,
282,282,46,4,,259,1000000.00,194371.11,1194371.11,
283,283,49,3,,266,6000000.00,226036.58,6226036.58,
284,284,52,2,273,273,10000000.00,170689.60,10170689.60,0
285,285,55,1,,281,8000000.00,158398.16,8158398.16,
286,286,58,4,,288,8000000.00,101104.54,8101104.54,
287,287,61,3,,295,20000000.00,272818.70,20272818.70,
288,288,64,2,78,78,8000000.00,270063.96,8270063.96,0
289,289,67,1,,116,17000000.00,45864.30,17045864.30,
290,290,70,4,,158,18000000.00,228318.60,18228318.60,
291,291,73,3,,186,10000000.00,249264.01,10249264.01,
292,292,76,2,218,218,12000000.00,288206.06,12288206.06,0
293,293,79,1,,247,4000000.00,294571.42,4294571.42,
294,294,82,4,,262,19000000.00,184952.07,19184952.07,
295,295,85,3,,269,11000000.00,13832.27,11013832.27,
296,296,88,2,276,276,5000000.00,124838.12,5124838.12,0
297,297,91,1,,284,12000000.00,165627.62,12165627.62,
298,298,94,4,,291,5000000.00,133072.94,5133072.94,
299,299,97,3,,298,9000000.00,32581.73,9032581.73,
300,300,100,2,87,87,18000000.00,117818.00,18117818.00,0
301,301,3,1,,128,13000000.00,106691.64,13106691.64,
302,302,6,4,,167,3000000.00,277421.12,3277421.12,
303,303,9,3,,192,7000000.00,9405.26,7009405.26,
304,304,12,2,224,224,16000000.00,243578.93,16243578.93,0
305,305,15,1,,254,4000000.00,203243.43,4203243.43,
306,306,18,4,,265,5000000.00,231114.85,5231114.85,
307,307,21,3,,272,17000000.00,97539.93,17097539.93,
308,308,24,2,279,279,11000000.00,294239.86,11294239.86,0
309,309,27,1,,280,4000000.00,79319.51,4079319.51,
310,310,30,4,,287,7000000.00,234279.49,7234279.49,
311,311,33,3,,294,13000000.00,164733.09,13164733.09,
312,312,36,2,75,75,8000000.00,178345.31,8178345.31,0
313,313,39,1,,112,10000000.00,255680.24,10255680.24,
314,314,42,4,,155,9000000.00,189682.18,9189682.18,
315,315,45,3,,184,2000000.00,257117.89,2257117.89,
316,316,48,2,216,216,6000000.00,146133.11,6146133.11,0
317,317,51,1,,244,8000000.00,5288.56,8005288.56,
318,318,54,4,,261,17000000.00,133103.20,17133103.20,
319,319,57,3,,268,13000000.00,272665.01,13272665.01,
320,320,60,2,275,275,13000000.00,23468.46,13023468.46,0
321,321,63,1,,283,2000000.00,39451.26,2039451.26,
322,322,66,4,,290,13000000.00,153650.30,13153650.30,
323,323,69,3,,297,3000000.00,28958.16,3028958.16,
324,324,72,2,84,84,7000000.00,245222.56,7245222.56,0
325,325,75,1,,124,11000000.00,247950.36,11247950.36,
326,326,78,4,,164,1000000.00,19135.26,1019135.26,
327,327,81,3,,190,3000000.00,115681.47,3115681.47,
328,328,84,2,222,222,2000000.00,185559.95,2185559.95,0
329,329,87,1,,253,9000000.00,28630.81,9028630.81,
330,330,90,4,,264,20000000.00,26583.03,20026583.03,
331,331,93,3,,271,11000000.00,21025.44,11021025.44,
332,332,96,2,278,278,14000000.00,233228.02,14233228.02,0
333,333,99,1,,286,17000000.00,62790.36,17062790.36,
334,334,2,4,,293,19000000.00,285079.99,19285079.99,
335,335,5,3,,300,14000000.00,189958.41,14189958.41,
336,336,8,2,92,92,2000000.00,220343.03,2220343.03,0
337,337,11,1,,109,8000000.00,193063.35,8193063.35,
338,338,14,4,,152,9000000.00,9961.28,9009961.28,
339,339,17,3,,182,16000000.00,134991.62,16134991.62,
340,340,20,2,214,214,20000000.00,88042.78,20088042.78,0
341,341,23,1,,241,6000000.00,22163.69,6022163.69,
342,342,26,4,,260,15000000.00,266203.48,15266203.48,
343,343,29,3,,267,13000000.00,230075.08,13230075.08,
344,344,32,2,274,274,14000000.00,203061.06,14203061.06,0
345,345,35,1,,282,20000000.00,45471.97,20045471.97,
346,346,38,4,,289,1000000.00,168862.02,1168862.02,
347,347,41,3,,296,3000000.00,225029.59,3225029.59,
348,348,44,2,81,81,16000000.00,218871.51,16218871.51,0
349,349,47,1,,120,16000000.00,277234.53,16277234.53,
350,350,50,4,,161,2000000.00,294684.82,2294684.82,
351,351,53,3,,188,19000000.00,211287.69,19211287.69,
352,352,56,2,220,220,20000000.00,24704.26,20024704.26,0
353,353,59,1,,250,9000000.00,11706.85,9011706.85,
354,354,62,4,,263,17000000.00,204016.56,17204016.56,
355,355,65,3,,270,9000000.00,24811.64,9024811.64,
356,356,68,2,277,277,7000000.00,63539.58,7063539.58,0
357,357,71,1,,285,15000000.00,73473.36,15073473.36,
358,358,74,4,,292,5000000.00,286487.01,5286487.01,
359,359,77,3,,299,11000000.00,110574.29,11110574.29,
360,360,80,2,90,90,6000000.00,64772.48,6064772.48,0
361,361,83,1,,133,13000000.00,37070.42,13037070.42,
362,362,86,4,,168,18000000.00,278514.21,18278514.21,
363,363,89,3,,195,15000000.00,8139.21,15008139.21,
364,364,92,2,227,227,6000000.00,205019.65,6205019.65,0
365,365,95,1,,238,3000000.00,182863.52,3182863.52,
366,366,98,4,,259,1000000.00,117049.72,1117049.72,
367,367,1,3,,266,8000000.00,226349.62,8226349.62,
368,368,4,2,273,273,8000000.00,248424.37,8248424.37,0
369,369,7,1,,281,11000000.00,44045.10,11044045.10,
370,370,10,4,,288,16000000.00,166103.27,16166103.27,
371,371,13,3,,295,12000000.00,115914.43,12115914.43,
372,372,16,2,78,78,7000000.00,69384.85,7069384.85,0
373,373,19,1,,116,3000000.00,267963.16,3267963.16,
374,374,22,4,,158,18000000.00,92534.81,18092534.81,
375,375,25,3,,186,9000000.00,179803.73,9179803.73,
376,376,28,2,218,218,6000000.00,260044.60,6260044.60,0
377,377,31,1,,247,11000000.00,19096.76,11019096.76,
378,378,34,4,,262,13000000.00,91734.87,13091734.87,
379,379,37,3,,269,2000000.00,292058.18,2292058.18,
380,380,40,2,276,276,4000000.00,132192.12,4132192.12,0
381,381,43,1,,284,10000000.00,298504.01,10298504.01,
382,382,46,4,,291,8000000.00,138262.90,8138262.90,
383,383,49,3,,298,9000000.00,250440.12,9250440.12,
384,384,52,2,87,87,13000000.00,143767.42,13143767.42,0
385,385,55,1,,128,4000000.00,278666.77,4278666.77,
386,386,58,4,,167,15000000.00,223570.36,15223570.36,
387,387,61,3,,192,16000000.00,201846.53,16201846.53,
388,388,64,2,224,224,6000000.00,274975.31,6274975.31,0
389,389,67,1,,254,3000000.00,9133.99,3009133.99,
390,390,70,4,,265,6000000.00,193523.43,6193523.43,
391,391,73,3,,272,16000000.00,268808.54,16268808.54,
392,392,76,2,279,279,19000000.00,163191.98,19163191.98,0
393,393,79,1,,280,6000000.00,35189.70,6035189.70,
394,394,82,4,,287,7000000.00,82024.02,7082024.02,
395,395,85,3,,294,14000000.00,55627.79,14055627.79,
396,396,88,2,75,75,18000000.00,105340.58,18105340.58,0
397,397,91,1,,112,16000000.00,236396.39,16236396.39,
398,398,94,4,,155,20000000.00,134189.65,20134189.65,
399,399,97,3,,184,14000000.00,260642.14,14260642.14,
400,400,100,2,216,216,8000000.00,263046.31,8263046.31,0
401,401,3,1,,244,18000000.00,76693.67,18076693.67,
402,402,6,4,,261,4000000.00,255182.44,4255182.44,
403,403,9,3,,268,6000000.00,165335.97,6165335.97,
404,404,12,2,275,275,11000000.00,125485.42,11125485.42,0
405,405,15,1,,283,11000000.00,72527.95,11072527.95,
406,406,18,4,,290,15000000.00,288131.38,15288131.38,
407,407,21,3,,297,1000000.00,150383.70,1150383.70,
408,408,24,2,84,84,19000000.00,165656.52,19165656.52,0
409,409,27,1,,124,14000000.00,123820.51,14123820.51,
410,410,30,4,,164,4000000.00,138804.25,4138804.25,
411,411,33,3,,190,2000000.00,123784.51,2123784.51,
412,412,36,2,222,222,16000000.00,74605.23,16074605.23,0
413,413,39,1,,253,13000000.00,157891.83,13157891.83,
414,414,42,4,,264,5000000.00,258729.81,5258729.81,
415,415,45,3,,271,1000000.00,112700.46,1112700.46,
416,416,48,2,278,278,1000000.00,115954.47,1115954.47,0
417,417,51,1,,286,5000000.00,29883.99,5029883.99,
418,418,54,4,,293,6000000.00,58232.45,6058232.45,
419,419,57,3,,300,12000000.00,101727.73,12101727.73,
420,420,60,2,92,92,6000000.00,30425.79,6030425.79,0
421,421,63,1,,109,13000000.00,205230.40,13205230.40,
422,422,66,4,,152,12000000.00,9375.48,12009375.48,
423,423,69,3,,182,11000000.00,164026.98,11164026.98,
424,424,72,2,214,214,15000000.00,281432.33,15281432.33,0
425,425,75,1,,241,9000000.00,124455.73,9124455.73,
426,426,78,4,,260,5000000.00,221084.45,5221084.45,
427,427,81,3,,267,17000000.00,197134.00,17197134.00,
428,428,84,2,274,274,6000000.00,26462.22,6026462.22,0
429,429,87,1,,282,19000000.00,45929.51,19045929.51,
430,430,90,4,,289,19000000.00,122389.48,19122389.48,
431,431,93,3,,296,15000000.00,227714.09,15227714.09,
432,432,96,2,81,81,2000000.00,169470.29,2169470.29,0
433,433,99,1,,120,18000000.00,232908.41,18232908.41,
434,434,2,4,,161,9000000.00,74389.66,9074389.66,
435,435,5,3,,188,20000000.00,184643.57,20184643.57,
436,436,8,2,220,220,10000000.00,236088.05,10236088.05,0
437,437,11,1,,250,1000000.00,286160.64,1286160.64,
438,438,14,4,,263,5000000.00,268192.09,5268192.09,
439,439,17,3,,270,2000000.00,256007.38,2256007.38,
440,440,20,2,277,277,2000000.00,285663.00,2285663.00,0
441,441,23,1,,285,8000000.00,200382.51,8200382.51,
442,442,26,4,,292,18000000.00,132779.51,18132779.51,
443,443,29,3,,299,20000000.00,216441.56,20216441.56,
444,444,32,2,90,90,9000000.00,154671.56,9154671.56,0
445,445,35,1,,133,10000000.00,196269.34,10196269.34,
446,446,38,4,,168,10000000.00,265334.89,10265334.89,
447,447,41,3,,195,11000000.00,254609.98,11254609.98,
448,448,44,2,227,227,20000000.00,156100.66,20156100.66,0
449,449,47,1,,238,3000000.00,195944.87,3195944.87,
450,450,50,4,,259,10000000.00,107299.91,10107299.91,
451,451,53,3,,266,18000000.00,154722.80,18154722.80,
452,452,56,2,273,273,2000000.00,210107.71,2210107.71,0
453,453,59,1,,281,15000000.00,32041.38,15032041.38,
454,454,62,4,,288,6000000.00,74407.87,6074407.87,
455,455,65,3,,295,18000000.00,123487.73,18123487.73,
456,456,68,2,78,78,13000000.00,145892.42,13145892.42,0
457,457,71,1,,116,18000000.00,231886.65,18231886.65,
458,458,74,4,,158,6000000.00,12734.28,6012734.28,
459,459,77,3,,186,20000000.00,138341.89,20138341.89,
460,460,80,2,218,218,13000000.00,235173.14,13235173.14,0
461,461,83,1,,247,20000000.00,23726.92,20023726.92,
462,462,86,4,,262,15000000.00,150994.99,15150994.99,
463,463,89,3,,269,18000000.00,150279.00,18150279.00,
464,464,92,2,276,276,18000000.00,49225.54,18049225.54,0
465,465,95,1,,284,20000000.00,174504.89,20174504.89,
466,466,98,4,,291,14000000.00,154212.62,14154212.62,
467,467,1,3,,298,5000000.00,251928.28,5251928.28,
468,468,4,2,87,87,5000000.00,99434.30,5099434.30,0
469,469,7,1,,128,19000000.00,62865.31,19062865.31,
470,470,10,4,,167,2000000.00,238205.76,2238205.76,
471,471,13,3,,192,18000000.00,98884.89,18098884.89,
472,472,16,2,224,224,17000000.00,5193.11,17005193.11,0
473,473,19,1,,254,6000000.00,206289.92,6206289.92,
474,474,22,4,,265,8000000.00,113760.87,8113760.87,
475,475,25,3,,272,9000000.00,265491.04,9265491.04,
476,476,28,2,279,279,12000000.00,227892.31,12227892.31,0
477,477,31,1,,280,13000000.00,117377.06,13117377.06,
478,478,34,4,,287,20000000.00,102903.69,20102903.69,
479,479,37,3,,294,15000000.00,172912.08,15172912.08,
480,480,40,2,75,75,1000000.00,203538.32,1203538.32,0
481,481,43,1,,112,6000000.00,87481.14,6087481.14,
482,482,46,4,,155,18000000.00,56892.63,18056892.63,
483,483,49,3,,184,11000000.00,256482.07,11256482.07,
484,484,52,2,216,216,9000000.00,79105.69,9079105.69,0
485,485,55,1,,244,17000000.00,120986.14,17120986.14,
486,486,58,4,,261,19000000.00,121249.77,19121249.77,
487,487,61,3,,268,5000000.00,109140.88,5109140.88,
488,488,64,2,275,275,20000000.00,91778.34,20091778.34,0
489,489,67,1,,283,8000000.00,192014.96,8192014.96,
490,490,70,4,,290,5000000.00,206640.05,5206640.05,
491,491,73,3,,297,19000000.00,254789.22,19254789.22,
492,492,76,2,84,84,13000000.00,249940.97,13249940.97,0
493,493,79,1,,124,8000000.00,260556.18,8260556.18,
494,494,82,4,,164,7000000.00,166123.72,7166123.72,
495,495,85,3,,190,19000000.00,280688.21,19280688.21,
496,496,88,2,222,222,11000000.00,124445.81,11124445.81,0
497,497,91,1,,253,9000000.00,28484.05,9028484.05,
498,498,94,4,,264,11000000.00,60047.53,11060047.53,
499,499,97,3,,271,11000000.00,218114.15,11218114.15,
500,500,100,2,278,278,16000000.00,57480.08,16057480.08,0
501,501,3,1,,286,11000000.00,119777.58,11119777.58,
502,502,6,4,,293,19000000.00,55697.87,19055697.87,
503,503,9,3,,300,19000000.00,70387.38,19070387.38,
504,504,12,2,92,92,8000000.00,106280.89,8106280.89,0
505,505,15,1,,109,20000000.00,235596.36,20235596.36,
506,506,18,4,,152,12000000.00,35155.11,12035155.11,
507,507,21,3,,182,17000000.00,36332.13,17036332.13,
508,508,24,2,214,214,13000000.00,113923.27,13113923.27,0
509,509,27,1,,241,1000000.00,285730.36,1285730.36,
510,510,30,4,,260,16000000.00,158085.82,16158085.82,
511,511,33,3,,267,13000000.00,285125.24,13285125.24,
512,512,36,2,274,274,18000000.00,100691.02,18100691.02,0
513,513,39,1,,282,20000000.00,99530.22,20099530.22,
514,514,42,4,,289,16000000.00,233035.96,16233035.96,
515,515,45,3,,296,10000000.00,248334.29,10248334.29,
516,516,48,2,81,81,8000000.00,7242.69,8007242.69,0
517,517,51,1,,120,10000000.00,190297.69,10190297.69,
518,518,54,4,,161,4000000.00,263936.27,4263936.27,
519,519,57,3,,188,17000000.00,248176.93,17248176.93,
520,520,60,2,220,220,3000000.00,278263.99,3278263.99,0
521,521,63,1,,250,4000000.00,274594.72,4274594.72,
522,522,66,4,,263,20000000.00,147853.48,20147853.48,
523,523,69,3,,270,2000000.00,63748.61,2063748.61,
524,524,72,2,277,277,11000000.00,176683.20,11176683.20,0
525,525,75,1,,285,9000000.00,239068.19,9239068.19,
526,526,78,4,,292,3000000.00,252376.03,3252376.03,
527,527,81,3,,299,7000000.00,121386.57,7121386.57,
528,528,84,2,90,90,3000000.00,100947.57,3100947.57,0
529,529,87,1,,133,15000000.00,36719.18,15036719.18,
530,530,90,4,,168,11000000.00,64677.67,11064677.67,
531,531,93,3,,195,7000000.00,220035.08,7220035.08,
532,532,96,2,227,227,12000000.00,187716.96,12187716.96,0
533,533,99,1,,238,7000000.00,246173.95,7246173.95,
534,534,2,4,,259,16000000.00,219713.29,16219713.29,
535,535,5,3,,266,17000000.00,33726.48,17033726.48,
536,536,8,2,273,273,14000000.00,136961.42,14136961.42,0
537,537,11,1,,281,11000000.00,18508.69,11018508.69,
538,538,14,4,,288,20000000.00,83397.55,20083397.55,
539,539,17,3,,295,5000000.00,210652.15,5210652.15,
540,540,20,2,78,78,4000000.00,88626.25,4088626.25,0
541,541,23,1,,116,3000000.00,15381.70,3015381.70,
542,542,26,4,,158,12000000.00,57310.80,12057310.80,
543,543,29,3,,186,13000000.00,186637.04,13186637.04,
544,544,32,2,218,218,4000000.00,210343.27,4210343.27,0
545,545,35,1,,247,17000000.00,144501.88,17144501.88,
546,546,38,4,,262,2000000.00,183496.17,2183496.17,
547,547,41,3,,269,5000000.00,228540.62,5228540.62,
548,548,44,2,276,276,1000000.00,85146.20,1085146.20,0
549,549,47,1,,284,5000000.00,74327.93,5074327.93,
550,550,50,4,,291,17000000.00,160401.01,17160401.01,
551,551,53,3,,298,12000000.00,123647.11,12123647.11,
552,552,56,2,87,87,5000000.00,280876.32,5280876.32,0
553,553,59,1,,128,18000000.00,243683.88,18243683.88,
554,554,62,4,,167,14000000.00,127744.52,14127744.52,
555,555,65,3,,192,11000000.00,259890.15,11259890.15,
556,556,68,2,224,224,19000000.00,154399.63,19154399.63,0
557,557,71,1,,254,15000000.00,163979.90,15163979.90,
558,558,74,4,,265,9000000.00,93101.80,9093101.80,
559,559,77,3,,272,6000000.00,45774.62,6045774.62,
560,560,80,2,279,279,11000000.00,155511.47,11155511.47,0
561,561,83,1,,280,9000000.00,164698.09,9164698.09,
562,562,86,4,,287,11000000.00,221201.90,11221201.90,
563,563,89,3,,294,14000000.00,289537.94,14289537.94,
564,564,92,2,75,75,11000000.00,237344.30,11237344.30,0
565,565,95,1,,112,20000000.00,89969.62,20089969.62,
566,566,98,4,,155,17000000.00,43024.57,17043024.57,
567,567,1,3,,184,20000000.00,273593.59,20273593.59,
568,568,4,2,216,216,3000000.00,244663.28,3244663.28,0
569,569,7,1,,244,14000000.00,295688.90,14295688.90,
570,570,10,4,,261,1000000.00,45156.96,1045156.96,
571,571,13,3,,268,1000000.00,265334.55,1265334.55,
572,572,16,2,275,275,2000000.00,51003.23,2051003.23,0
573,573,19,1,,283,10000000.00,114888.56,10114888.56,
574,574,22,4,,290,8000000.00,177967.74,8177967.74,
575,575,25,3,,297,8000000.00,26460.71,8026460.71,
576,576,28,2,84,84,8000000.00,43682.73,8043682.73,0
577,577,31,1,,124,4000000.00,240797.07,4240797.07,
578,578,34,4,,164,11000000.00,25426.56,11025426.56,
579,579,37,3,,190,1000000.00,100573.10,1100573.10,
580,580,40,2,222,222,16000000.00,14967.84,16014967.84,0
581,581,43,1,,253,7000000.00,191858.27,7191858.27,
582,582,46,4,,264,14000000.00,168886.08,14168886.08,
583,583,49,3,,271,6000000.00,206188.51,6206188.51,
584,584,52,2,278,278,10000000.00,94462.42,10094462.42,0
585,585,55,1,,286,17000000.00,159813.61,17159813.61,
586,586,58,4,,293,13000000.00,118818.57,13118818.57,
587,587,61,3,,300,20000000.00,298554.62,20298554.62,
588,588,64,2,92,92,16000000.00,47501.35,16047501.35,0
589,589,67,1,,109,8000000.00,129806.34,8129806.34,
590,590,70,4,,152,15000000.00,217211.43,15217211.43,
591,591,73,3,,182,10000000.00,194727.95,10194727.95,
592,592,76,2,214,214,5000000.00,225335.53,5225335.53,0
593,593,79,1,,241,5000000.00,113056.76,5113056.76,
594,594,82,4,,260,17000000.00,295513.04,17295513.04,
595,595,85,3,,267,6000000.00,276176.13,6276176.13,
596,596,88,2,274,274,10000000.00,66699.49,10066699.49,0
597,597,91,1,,282,3000000.00,160119.16,3160119.16,
598,598,94,4,,289,6000000.00,213731.91,6213731.91,
599,599,97,3,,296,4000000.00,222428.62,4222428.62,
600,600,100,2,81,81,7000000.00,251719.91,7251719.91,0
601,601,3,1,,120,5000000.00,64053.42,5064053.42,
602,602,6,4,,161,5000000.00,264205.89,5264205.89,
603,603,9,3,,188,1000000.00,189939.03,1189939.03,
604,604,12,2,220,220,20000000.00,32318.21,20032318.21,0
605,605,15,1,,250,13000000.00,222797.45,13222797.45,
606,606,18,4,,263,3000000.00,158279.23,3158279.23,
607,607,21,3,,270,14000000.00,82405.16,14082405.16,
608,608,24,2,277,277,6000000.00,65167.33,6065167.33,0
609,609,27,1,,285,18000000.00,141639.90,18141639.90,
610,610,30,4,,292,1000000.00,162091.37,1162091.37,
611,611,33,3,,299,16000000.00,124187.48,16124187.48,
612,612,36,2,90,90,3000000.00,201221.41,3201221.41,0
613,613,39,1,,133,6000000.00,237142.27,6237142.27,
614,614,42,4,,168,12000000.00,146623.48,12146623.48,
615,615,45,3,,195,11000000.00,81800.50,11081800.50,
616,616,48,2,227,227,12000000.00,170802.18,12170802.18,0
617,617,51,1,,238,9000000.00,147730.84,9147730.84,
618,618,54,4,,259,13000000.00,50652.71,13050652.71,
619,619,57,3,,266,19000000.00,282930.63,19282930.63,
620,620,60,2,273,273,11000000.00,47021.50,11047021.50,0
621,621,63,1,,281,3000000.00,155723.81,3155723.81,
622,622,66,4,,288,15000000.00,117811.77,15117811.77,
623,623,69,3,,295,18000000.00,76121.24,18076121.24,
624,624,72,2,78,78,4000000.00,120786.19,4120786.19,0
625,625,75,1,,116,18000000.00,261363.96,18261363.96,
626,626,78,4,,158,15000000.00,288303.42,15288303.42,
627,627,81,3,,186,16000000.00,56786.95,16056786.95,
628,628,84,2,218,218,15000000.00,207807.44,15207807.44,0
629,629,87,1,,247,7000000.00,135655.00,7135655.00,
630,630,90,4,,262,7000000.00,278109.52,7278109.52,
631,631,93,3,,269,19000000.00,290152.97,19290152.97,
632,632,96,2,276,276,1000000.00,101117.67,1101117.67,0
633,633,99,1,,284,6000000.00,50781.54,6050781.54,
634,634,2,4,,291,19000000.00,273344.25,19273344.25,
635,635,5,3,,298,7000000.00,223593.40,7223593.40,
636,636,8,2,87,87,6000000.00,286825.88,6286825.88,0
637,637,11,1,,128,14000000.00,240823.87,14240823.87,
638,638,14,4,,167,19000000.00,27232.05,19027232.05,
639,639,17,3,,192,10000000.00,74700.26,10074700.26,
640,640,20,2,224,224,18000000.00,47442.52,18047442.52,0
641,641,23,1,,254,6000000.00,100905.24,6100905.24,
642,642,26,4,,265,12000000.00,212228.72,12212228.72,
643,643,29,3,,272,8000000.00,237858.75,8237858.75,
644,644,32,2,279,279,18000000.00,64940.02,18064940.02,0
645,645,35,1,,280,18000000.00,282210.36,18282210.36,
646,646,38,4,,287,9000000.00,128273.24,9128273.24,
647,647,41,3,,294,16000000.00,218811.89,16218811.89,
648,648,44,2,75,75,15000000.00,222448.91,15222448.91,0
649,649,47,1,,112,16000000.00,69565.48,16069565.48,
650,650,50,4,,155,13000000.00,90503.62,13090503.62,
651,651,53,3,,184,1000000.00,173457.90,1173457.90,
652,652,56,2,216,216,9000000.00,260302.79,9260302.79,0
653,653,59,1,,244,19000000.00,244175.22,19244175.22,
654,654,62,4,,261,16000000.00,185307.79,16185307.79,
655,655,65,3,,268,4000000.00,58235.84,4058235.84,
656,656,68,2,275,275,15000000.00,183064.19,15183064.19,0
657,657,71,1,,283,19000000.00,134444.82,19134444.82,
658,658,74,4,,290,6000000.00,173457.75,6173457.75,
659,659,77,3,,297,15000000.00,25615.33,15025615.33,
660,660,80,2,84,84,2000000.00,102677.37,2102677.37,0
661,661,83,1,,124,20000000.00,143210.75,20143210.75,
662,662,86,4,,164,17000000.00,273645.73,17273645.73,
663,663,89,3,,190,4000000.00,68199.97,4068199.97,
664,664,92,2,222,222,11000000.00,45791.23,11045791.23,0
665,665,95,1,,253,18000000.00,284012.27,18284012.27,
666,666,98,4,,264,17000000.00,76693.02,17076693.02,
667,667,1,3,,271,5000000.00,13283.12,5013283.12,
668,668,4,2,278,278,4000000.00,44741.31,4044741.31,0
669,669,7,1,,286,12000000.00,122153.85,12122153.85,
670,670,10,4,,293,2000000.00,166653.95,2166653.95,
671,671,13,3,,300,6000000.00,16108.85,6016108.85,
672,672,16,2,92,92,2000000.00,83266.91,2083266.91,0
673,673,19,1,,109,18000000.00,149238.90,18149238.90,
674,674,22,4,,152,15000000.00,157994.08,15157994.08,
675,675,25,3,,182,17000000.00,259768.80,17259768.80,
676,676,28,2,214,214,15000000.00,108047.31,15108047.31,0
677,677,31,1,,241,7000000.00,209529.28,7209529.28,
678,678,34,4,,260,12000000.00,201867.63,12201867.63,
679,679,37,3,,267,12000000.00,59473.58,12059473.58,
680,680,40,2,274,274,18000000.00,121332.00,18121332.00,0
681,681,43,1,,282,2000000.00,240614.16,2240614.16,
682,682,46,4,,289,2000000.00,64588.58,2064588.58,
683,683,49,3,,296,9000000.00,293507.00,9293507.00,
684,684,52,2,81,81,8000000.00,277150.68,8277150.68,0
685,685,55,1,,120,3000000.00,245328.45,3245328.45,
686,686,58,4,,161,19000000.00,99616.57,19099616.57,
687,687,61,3,,188,15000000.00,24590.49,15024590.49,
688,688,64,2,220,220,6000000.00,286457.79,6286457.79,0
689,689,67,1,,250,19000000.00,270069.22,19270069.22,
690,690,70,4,,263,3000000.00,11737.97,3011737.97,
691,691,73,3,,270,5000000.00,194658.94,5194658.94,
692,692,76,2,277,277,6000000.00,234870.05,6234870.05,0
693,693,79,1,,285,19000000.00,226037.09,19226037.09,
694,694,82,4,,292,1000000.00,32280.14,1032280.14,
695,695,85,3,,299,7000000.00,146000.78,7146000.78,
696,696,88,2,90,90,17000000.00,61891.13,17061891.13,0
697,697,91,1,,133,20000000.00,247858.51,20247858.51,
698,698,94,4,,168,1000000.00,175082.01,1175082.01,
699,699,97,3,,195,16000000.00,29381.11,16029381.11,
700,700,100,2,227,227,19000000.00,152460.25,19152460.25,0
701,701,3,1,,238,20000000.00,290387.31,20290387.31,
702,702,6,4,,259,5000000.00,122356.75,5122356.75,
703,703,9,3,,266,5000000.00,220867.85,5220867.85,
704,704,12,2,273,273,4000000.00,66137.46,4066137.46,0
705,705,15,1,,281,4000000.00,260685.61,4260685.61,
706,706,18,4,,288,15000000.00,125982.90,15125982.90,
707,707,21,3,,295,5000000.00,20783.52,5020783.52,
708,708,24,2,78,78,20000000.00,232556.19,20232556.19,0
709,709,27,1,,116,3000000.00,39200.50,3039200.50,
710,710,30,4,,158,13000000.00,123795.41,13123795.41,
711,711,33,3,,186,5000000.00,274419.16,5274419.16,
712,712,36,2,218,218,2000000.00,40682.25,2040682.25,0
713,713,39,1,,247,2000000.00,136714.85,2136714.85,
714,714,42,4,,262,11000000.00,200206.71,11200206.71,
715,715,45,3,,269,17000000.00,229185.84,17229185.84,
716,716,48,2,276,276,8000000.00,63395.64,8063395.64,0
717,717,51,1,,284,20000000.00,225298.06,20225298.06,
718,718,54,4,,291,7000000.00,15921.79,7015921.79,
719,719,57,3,,298,19000000.00,61771.15,19061771.15,
720,720,60,2,87,87,13000000.00,104507.39,13104507.39,0
721,721,63,1,,128,18000000.00,8955.68,18008955.68,
722,722,66,4,,167,6000000.00,139326.26,6139326.26,
723,723,69,3,,192,10000000.00,234111.38,10234111.38,
724,724,72,2,224,224,4000000.00,49141.37,4049141.37,0
725,725,75,1,,254,10000000.00,56960.46,10056960.46,
726,726,78,4,,265,3000000.00,88912.88,3088912.88,
727,727,81,3,,272,18000000.00,206497.31,18206497.31,
728,728,84,2,279,279,17000000.00,46480.31,17046480.31,0
729,729,87,1,,280,11000000.00,258653.93,11258653.93,
730,730,90,4,,287,19000000.00,201152.43,19201152.43,
731,731,93,3,,294,5000000.00,49287.78,5049287.78,
732,732,96,2,75,75,10000000.00,115795.20,10115795.20,0
733,733,99,1,,112,1000000.00,252797.46,1252797.46,
734,734,2,4,,155,19000000.00,62127.90,19062127.90,
735,735,5,3,,184,12000000.00,298397.29,12298397.29,
736,736,8,2,216,216,12000000.00,217864.39,12217864.39,0
737,737,11,1,,244,3000000.00,244087.06,3244087.06,
738,738,14,4,,261,1000000.00,242581.84,1242581.84,
739,739,17,3,,268,7000000.00,216123.63,7216123.63,
740,740,20,2,275,275,19000000.00,180879.81,19180879.81,0
741,741,23,1,,283,5000000.00,234869.57,5234869.57,
742,742,26,4,,290,19000000.00,151484.63,19151484.63,
743,743,29,3,,297,1000000.00,234027.08,1234027.08,
744,744,32,2,84,84,8000000.00,290821.22,8290821.22,0
745,745,35,1,,124,4000000.00,46854.31,4046854.31,
746,746,38,4,,164,7000000.00,130039.33,7130039.33,
747,747,41,3,,190,12000000.00,167160.02,12167160.02,
748,748,44,2,222,222,18000000.00,113173.73,18113173.73,0
749,749,47,1,,253,10000000.00,229958.78,10229958.78,
750,750,50,4,,264,5000000.00,67543.72,5067543.72,
751,751,53,3,,271,1000000.00,81510.39,1081510.39,
752,752,56,2,278,278,3000000.00,266990.18,3266990.18,0
753,753,59,1,,286,5000000.00,12565.44,5012565.44,
754,754,62,4,,293,16000000.00,279404.64,16279404.64,
755,755,65,3,,300,14000000.00,41318.29,14041318.29,
756,756,68,2,92,92,20000000.00,52776.39,20052776.39,0
757,757,71,1,,109,8000000.00,169470.88,8169470.88,
758,758,74,4,,152,9000000.00,22791.14,9022791.14,
759,759,77,3,,182,20000000.00,187730.31,20187730.31,
760,760,80,2,214,214,15000000.00,217058.09,15217058.09,0
761,761,83,1,,241,3000000.00,132210.46,3132210.46,
762,762,86,4,,260,19000000.00,11602.22,19011602.22,
763,763,89,3,,267,8000000.00,43346.34,8043346.34,
764,764,92,2,274,274,10000000.00,161658.92,10161658.92,0
765,765,95,1,,282,4000000.00,106005.15,4106005.15,
766,766,98,4,,289,9000000.00,286109.77,9286109.77,
767,767,1,3,,296,6000000.00,249191.45,6249191.45,
768,768,4,2,81,81,1000000.00,70441.89,1070441.89,0
769,769,7,1,,120,10000000.00,14552.98,10014552.98,
770,770,10,4,,161,2000000.00,41784.93,2041784.93,
771,771,13,3,,188,20000000.00,112140.10,20112140.10,
772,772,16,2,220,220,13000000.00,287193.78,13287193.78,0
773,773,19,1,,250,19000000.00,274690.93,19274690.93,
774,774,22,4,,263,15000000.00,113727.00,15113727.00,
775,775,25,3,,270,10000000.00,188757.39,10188757.39,
776,776,28,2,277,277,12000000.00,135629.62,12135629.62,0
777,777,31,1,,285,12000000.00,114731.09,12114731.09,
778,778,34,4,,292,14000000.00,253834.07,14253834.07,
779,779,37,3,,299,8000000.00,79127.96,8079127.96,
780,780,40,2,90,90,4000000.00,45373.45,4045373.45,0
781,781,43,1,,133,9000000.00,141215.03,9141215.03,
782,782,46,4,,168,1000000.00,37615.27,1037615.27,
783,783,49,3,,195,18000000.00,22522.55,18022522.55,
784,784,52,2,227,227,4000000.00,240191.42,4240191.42,0
785,785,55,1,,238,17000000.00,41177.86,17041177.86,
786,786,58,4,,259,7000000.00,12860.40,7012860.40,
787,787,61,3,,266,14000000.00,168383.79,14168383.79,
788,788,64,2,273,273,4000000.00,137551.10,4137551.10,0
789,789,67,1,,281,9000000.00,230216.05,9230216.05,
790,790,70,4,,288,3000000.00,149250.34,3149250.34,
791,791,73,3,,295,14000000.00,157302.57,14157302.57,
792,792,76,2,78,78,18000000.00,8873.06,18008873.06,0
793,793,79,1,,116,4000000.00,244639.17,4244639.17,
794,794,82,4,,158,12000000.00,137089.56,12137089.56,
795,795,85,3,,186,5000000.00,179860.48,5179860.48,
796,796,88,2,218,218,4000000.00,292389.34,4292389.34,0
797,797,91,1,,247,2000000.00,141719.32,2141719.32,
798,798,94,4,,262,7000000.00,154967.11,7154967.11,
799,799,97,3,,269,14000000.00,138624.12,14138624.12,
800,800,100,2,276,276,8000000.00,20895.51,8020895.51,0
801,801,3,1,,284,8000000.00,102981.09,8102981.09,
802,802,6,4,,291,2000000.00,244834.16,2244834.16,
803,803,9,3,,298,10000000.00,111530.73,10111530.73,
804,804,12,2,87,87,17000000.00,286396.82,17286396.82,0
805,805,15,1,,128,16000000.00,93569.79,16093569.79,
806,806,18,4,,167,13000000.00,56619.28,13056619.28,
807,807,21,3,,192,7000000.00,12313.09,7012313.09,
808,808,24,2,224,224,19000000.00,133353.35,19133353.35,0
809,809,27,1,,254,12000000.00,161849.05,12161849.05,
810,810,30,4,,265,17000000.00,204528.01,17204528.01,
811,811,33,3,,272,15000000.00,130642.98,15130642.98,
812,812,36,2,279,279,14000000.00,180867.28,14180867.28,0
813,813,39,1,,280,16000000.00,13756.79,16013756.79,
814,814,42,4,,287,4000000.00,170571.07,4170571.07,
815,815,45,3,,294,11000000.00,63694.62,11063694.62,
816,816,48,2,75,75,7000000.00,184053.99,7184053.99,0
817,817,51,1,,112,6000000.00,247662.71,6247662.71,
818,818,54,4,,155,15000000.00,276980.93,15276980.93,
819,819,57,3,,184,14000000.00,267442.77,14267442.77,
820,820,60,2,216,216,14000000.00,247841.96,14247841.96,0
821,821,63,1,,244,3000000.00,109203.95,3109203.95,
822,822,66,4,,261,3000000.00,159761.70,3159761.70,
823,823,69,3,,268,5000000.00,211345.79,5211345.79,
824,824,72,2,275,275,16000000.00,10599.28,16010599.28,0
825,825,75,1,,283,2000000.00,294047.73,2294047.73,
826,826,78,4,,290,13000000.00,127367.19,13127367.19,
827,827,81,3,,297,4000000.00,96627.38,4096627.38,
828,828,84,2,84,84,11000000.00,189917.11,11189917.11,0
829,829,87,1,,124,1000000.00,227753.33,1227753.33,
830,830,90,4,,164,4000000.00,19920.38,4019920.38,
831,831,93,3,,190,19000000.00,148267.84,19148267.84,
832,832,96,2,222,222,15000000.00,41675.41,15041675.41,0
833,833,99,1,,253,9000000.00,16018.47,9016018.47,
834,834,2,4,,264,9000000.00,177741.56,9177741.56,
835,835,5,3,,271,18000000.00,231640.45,18231640.45,
836,836,8,2,278,278,18000000.00,25043.69,18025043.69,0
837,837,11,1,,286,19000000.00,228399.73,19228399.73,
838,838,14,4,,293,9000000.00,174379.81,9174379.81,
839,839,17,3,,300,11000000.00,78540.70,11078540.70,
840,840,20,2,92,92,3000000.00,98416.44,3098416.44,0
841,841,23,1,,109,6000000.00,17477.59,6017477.59,
842,842,26,4,,152,20000000.00,184610.52,20184610.52,
843,843,29,3,,182,2000000.00,243310.42,2243310.42,
844,844,32,2,214,214,10000000.00,195742.30,10195742.30,0
845,845,35,1,,241,20000000.00,247404.94,20247404.94,
846,846,38,4,,260,13000000.00,236081.13,13236081.13,
847,847,41,3,,267,17000000.00,296960.88,17296960.88,
848,848,44,2,274,274,8000000.00,196167.94,8196167.94,0
849,849,47,1,,282,7000000.00,141658.09,7141658.09,
850,850,50,4,,289,15000000.00,207120.94,15207120.94,
851,851,53,3,,296,14000000.00,117755.27,14117755.27,
852,852,56,2,81,81,18000000.00,226222.49,18226222.49,0
853,853,59,1,,120,4000000.00,126211.73,4126211.73,
854,854,62,4,,161,13000000.00,286858.35,13286858.35,
855,855,65,3,,188,5000000.00,68803.66,5068803.66,
856,856,68,2,220,220,10000000.00,286001.18,10286001.18,0
857,857,71,1,,250,16000000.00,146568.10,16146568.10,
858,858,74,4,,263,9000000.00,78231.33,9078231.33,
859,859,77,3,,270,6000000.00,229847.56,6229847.56,
860,860,80,2,277,277,14000000.00,58989.52,14058989.52,0
861,861,83,1,,285,17000000.00,202570.79,17202570.79,
862,862,86,4,,292,20000000.00,90286.24,20090286.24,
863,863,89,3,,299,19000000.00,274031.04,19274031.04,
864,864,92,2,90,90,20000000.00,136590.05,20136590.05,0
865,865,95,1,,133,1000000.00,24763.70,1024763.70,
866,866,98,4,,168,9000000.00,53717.11,9053717.11,
867,867,1,3,,195,14000000.00,255195.85,14255195.85,
868,868,4,2,227,227,5000000.00,12760.55,5012760.55,0
869,869,7,1,,238,15000000.00,20039.33,15020039.33,
870,870,10,4,,259,15000000.00,246845.05,15246845.05,
871,871,13,3,,266,18000000.00,254054.01,18254054.01,
872,872,16,2,273,273,4000000.00,31261.73,4031261.73,0
873,873,19,1,,281,2000000.00,253103.09,2253103.09,
874,874,22,4,,288,1000000.00,191093.27,1191093.27,
875,875,25,3,,295,9000000.00,33048.02,9033048.02,
876,876,28,2,78,78,18000000.00,283395.68,18283395.68,0
877,877,31,1,,116,3000000.00,74387.17,3074387.17,
878,878,34,4,,158,20000000.00,173610.93,20173610.93,
879,879,37,3,,186,20000000.00,153814.75,20153814.75,
880,880,40,2,218,218,19000000.00,137331.18,19137331.18,0
881,881,43,1,,247,5000000.00,269746.82,5269746.82,
882,882,46,4,,262,3000000.00,292923.33,3292923.33,
883,883,49,3,,269,1000000.00,220632.24,1220632.24,
884,884,52,2,276,276,18000000.00,153576.61,18153576.61,0
885,885,55,1,,284,19000000.00,289551.75,19289551.75,
886,886,58,4,,291,17000000.00,14008.06,17014008.06,
887,887,61,3,,298,3000000.00,291299.92,3291299.92,
888,888,64,2,87,87,13000000.00,268778.26,13268778.26,0
889,889,67,1,,128,10000000.00,162855.66,10162855.66,
890,890,70,4,,167,6000000.00,228560.64,6228560.64,
891,891,73,3,,192,15000000.00,284306.92,15284306.92,
892,892,76,2,224,224,12000000.00,158974.16,12158974.16,0
893,893,79,1,,254,8000000.00,173470.85,8173470.85,
894,894,82,4,,265,15000000.00,291893.15,15291893.15,
895,895,85,3,,272,12000000.00,134112.01,12134112.01,
896,896,88,2,279,279,1000000.00,164034.43,1164034.43,0
897,897,91,1,,280,2000000.00,244501.73,2244501.73,
898,898,94,4,,287,9000000.00,164328.02,9164328.02,
899,899,97,3,,294,14000000.00,144920.75,14144920.75,
900,900,100,2,75,75,16000000.00,201642.29,16201642.29,0
901,901,3,1,,112,6000000.00,253425.04,6253425.04,
902,902,6,4,,155,13000000.00,171211.58,13171211.58,
903,903,9,3,,184,10000000.00,180725.71,10180725.71,
904,904,12,2,216,216,3000000.00,230559.82,3230559.82,0
905,905,15,1,,244,3000000.00,280573.86,3280573.86,
906,906,18,4,,261,17000000.00,267842.03,17267842.03,
907,907,21,3,,268,19000000.00,84772.75,19084772.75,
908,908,24,2,275,275,6000000.00,181971.00,6181971.00,0
909,909,27,1,,283,14000000.00,170108.23,14170108.23,
910,910,30,4,,290,17000000.00,49378.92,17049378.92,
911,911,33,3,,297,13000000.00,175685.82,13175685.82,
912,912,36,2,84,84,16000000.00,201052.11,16201052.11,0
913,913,39,1,,124,2000000.00,83804.67,2083804.67,
914,914,42,4,,164,19000000.00,109619.17,19109619.17,
915,915,45,3,,190,4000000.00,81302.18,4081302.18,
916,916,48,2,222,222,3000000.00,238084.40,3238084.40,0
917,917,51,1,,253,14000000.00,38185.43,14038185.43,
918,918,54,4,,264,14000000.00,17986.25,14017986.25,
919,919,57,3,,271,18000000.00,194486.41,18194486.41,
920,920,60,2,278,278,6000000.00,148814.50,6148814.50,0
921,921,63,1,,286,18000000.00,169665.35,18169665.35,
922,922,66,4,,293,11000000.00,218245.27,11218245.27,
923,923,69,3,,300,12000000.00,36567.62,12036567.62,
924,924,72,2,92,92,15000000.00,176404.96,15176404.96,0
925,925,75,1,,109,13000000.00,58608.95,13058608.95,
926,926,78,4,,152,2000000.00,266006.40,2266006.40,
927,927,81,3,,182,14000000.00,212093.25,14212093.25,
928,928,84,2,214,214,10000000.00,251350.55,10251350.55,0
929,929,87,1,,241,13000000.00,118200.55,13118200.55,
930,930,90,4,,260,8000000.00,217504.70,8217504.70,
931,931,93,3,,267,20000000.00,131645.93,20131645.93,
932,932,96,2,274,274,9000000.00,138652.63,9138652.63,0
933,933,99,1,,282,10000000.00,49748.37,10049748.37,
934,934,2,4,,289,15000000.00,8426.50,15008426.50,
935,935,5,3,,296,18000000.00,104715.28,18104715.28,
936,936,8,2,81,81,13000000.00,46990.21,13046990.21,0
937,937,11,1,,120,12000000.00,176099.23,12176099.23,
938,938,14,4,,161,8000000.00,248528.34,8248528.34,
939,939,17,3,,188,14000000.00,86189.08,14086189.08,
940,940,20,2,220,220,18000000.00,41892.02,18041892.02,0
941,941,23,1,,250,17000000.00,290460.07,17290460.07,
942,942,26,4,,263,8000000.00,83445.88,8083445.88,
943,943,29,3,,270,13000000.00,162147.52,13162147.52,
944,944,32,2,277,277,17000000.00,72245.86,17072245.86,0
945,945,35,1,,285,2000000.00,264698.61,2264698.61,
946,946,38,4,,292,5000000.00,295578.67,5295578.67,
947,947,41,3,,299,13000000.00,146459.46,13146459.46,
948,948,44,2,90,90,17000000.00,136326.42,17136326.42,0
949,949,47,1,,133,19000000.00,25104.21,19025104.21,
950,950,50,4,,168,1000000.00,188855.52,1188855.52,
951,951,53,3,,195,3000000.00,31308.65,3031308.65,
952,952,56,2,227,227,3000000.00,68263.28,3068263.28,0
953,953,59,1,,238,4000000.00,178016.89,4178016.89,
954,954,62,4,,259,8000000.00,110535.40,8110535.40,
955,955,65,3,,266,20000000.00,193828.62,20193828.62,
956,956,68,2,273,273,6000000.00,299580.80,6299580.80,0
957,957,71,1,,281,7000000.00,215846.76,7215846.76,
958,958,74,4,,288,4000000.00,73631.43,4073631.43,
959,959,77,3,,295,16000000.00,217315.76,16217315.76,
960,960,80,2,78,78,1000000.00,105810.06,1105810.06,0
961,961,83,1,,116,8000000.00,17918.30,8017918.30,
962,962,86,4,,158,9000000.00,99759.18,9099759.18,
963,963,89,3,,186,17000000.00,32846.69,17032846.69,
964,964,92,2,218,218,11000000.00,235028.86,11235028.86,0
965,965,95,1,,247,1000000.00,273452.88,1273452.88,
966,966,98,4,,262,12000000.00,272396.58,12272396.58,
967,967,1,3,,269,9000000.00,226390.56,9226390.56,
968,968,4,2,276,276,16000000.00,47670.15,16047670.15,0
969,969,7,1,,284,4000000.00,186802.49,4186802.49,
970,970,10,4,,291,14000000.00,98775.68,14098775.68,
971,971,13,3,,298,2000000.00,262547.36,2262547.36,
972,972,16,2,87,87,10000000.00,85712.03,10085712.03,0
973,973,19,1,,128,19000000.00,127835.31,19127835.31,
974,974,22,4,,167,3000000.00,143663.63,3143663.63,
975,975,25,3,,192,16000000.00,269489.83,16269489.83,
976,976,28,2,224,224,3000000.00,232857.96,3232857.96,0
977,977,31,1,,254,5000000.00,211557.41,5211557.41,
978,978,34,4,,265,20000000.00,163780.84,20163780.84,
979,979,37,3,,272,18000000.00,190993.64,18190993.64,
980,980,40,2,279,279,18000000.00,164607.34,18164607.34,0
981,981,43,1,,280,1000000.00,260558.13,1260558.13,
982,982,46,4,,287,15000000.00,250831.74,15250831.74,
983,983,49,3,,294,5000000.00,33584.94,5033584.94,
984,984,52,2,75,75,3000000.00,135641.03,3135641.03,0
985,985,55,1,,112,14000000.00,157506.62,14157506.62,
986,986,58,4,,155,4000000.00,237246.68,4237246.68,
987,987,61,3,,184,11000000.00,188651.52,11188651.52,
988,988,64,2,216,216,13000000.00,189844.08,13189844.08,0
989,989,67,1,,244,9000000.00,166044.93,9166044.93,
990,990,70,4,,261,20000000.00,200634.55,20200634.55,
991,991,73,3,,268,20000000.00,242406.07,20242406.07,
992,992,76,2,275,275,8000000.00,211169.82,8211169.82,0
993,993,79,1,,283,19000000.00,121769.13,19121769.13,
994,994,82,4,,290,20000000.00,167117.87,20167117.87,
995,995,85,3,,297,10000000.00,279441.39,10279441.39,
996,996,88,2,84,84,13000000.00,172330.31,13172330.31,0
997,997,91,1,,124,3000000.00,101561.35,3101561.35,
998,998,94,4,,164,19000000.00,82059.57,19082059.57,
999,999,97,3,,190,11000000.00,242055.89,11242055.89,
1000,1000,100,2,222,222,2000000.00,37640.56,2037640.56,0
